{"categorie": "Cin\u00e9ma", "titre": "Alien", "questions": [{"titre": "En quelle ann\u00e9e le film \u00ab Alien, le huiti\u00e8me passager \u00bb est-il sorti en France ?", "choix": [["1979", true], ["1974", false], ["1989", false], ["1984", false]]}, {"titre": "Quel est le nom de l'andro\u00efde voyageant \u00e0 bord du Betty dans \u00ab Alien, la r\u00e9surrection \u00bb ?", "choix": [["Karl", false], ["Bishop", false], ["Call", true], ["Fiorina", false]]}, {"titre": "Quel est le type de vaisseau spatial du film \u00ab Alien, le huiti\u00e8me passager \u00bb ?", "choix": [["Commercial", true], ["Scientifique", false], ["Touristique", false], ["Exp\u00e9rimental", false]]}, {"titre": "Quel parasite g\u00e9n\u00e8re des embryons dans la gorge des humains ?", "choix": [["Facepower", false], ["Facehugger", true], ["Facebunker", false], ["Faceleader", false]]}, {"titre": "Comment meurt Ripley dans le film \u00ab Alien 3 \u00bb r\u00e9alis\u00e9 par David Fincher ?", "choix": [["Suicide", true], ["Noyade", false], ["\u00c9lectrocution", false], ["Meurtre", false]]}, {"titre": "Qui a r\u00e9alis\u00e9 le film de science-fiction \u00ab Alien, le huiti\u00e8me passager \u00bb ?", "choix": [["James Cameron", false], ["Jean-Pierre Jeunet", false], ["Ridley Scott", true], ["David Fincher", false]]}, {"titre": "Quel animal de compagnie poss\u00e8dent les membres du Nostromo ?", "choix": [["Chat", true], ["Canard", false], ["Rat", false], ["Chien", false]]}, {"titre": "Comment appelle-t-on les extraterrestres dans la saga \u00ab Alien \u00bb ?", "choix": [["Kookabuira", false], ["Intramorphes", false], ["X\u00e9nomorphes", true], ["Kaeloo", false]]}, {"titre": "Dans quelle cat\u00e9gorie le film \u00ab Alien 3 \u00bb a-t-il obtenu un MPSE Awards ?", "choix": [["R\u00e9alisation", false], ["Montage sonore", true], ["Musique", false], ["Effets sp\u00e9ciaux", false]]}, {"titre": "Quelle actrice interpr\u00e8te avec panache Ellen Ripley dans la saga \u00ab Alien \u00bb ?", "choix": [["Michelle Pfeiffer", false], ["Cameron Diaz", false], ["Sigourney Weaver", true], ["Jodie Foster", false]]}], "difficulte": "d\u00e9butant"}