{"categorie": "Animaux", "titre": "Les chats", "questions": [{"titre": "\u00c0 quelle classe d'animaux vert\u00e9br\u00e9s regroupant pr\u00e8s de 5.400 esp\u00e8ces appartient le chat ?", "choix": [["Oiseaux", false], ["Reptiles", false], ["Poissons", false], ["Mammif\u00e8res", true]]}, {"titre": "Lorsque vous apercevez votre chat faire le gros dos, il est probablement...", "choix": [["Effray\u00e9", true], ["En chasse", false], ["Malade", false], ["Content", false]]}, {"titre": "Que fait principalement le chat de ses journ\u00e9es, selon de nombreux proverbes et idiotismes ?", "choix": [["Il court", false], ["Il dort", true], ["Il boit", false], ["Il mange", false]]}, {"titre": "Dans quel endroit du globe le chat reste-t-il synonyme de chance ou de long\u00e9vit\u00e9 ?", "choix": [["Europe", false], ["Asie", true], ["Australie", false], ["Afrique", false]]}, {"titre": "Combien le chat poss\u00e8de-t-il de doigts aux pattes ant\u00e9rieures ?", "choix": [["Six", false], ["Quatre", false], ["Trois", false], ["Cinq", true]]}, {"titre": "Quel est le cri du chat, pourtant tr\u00e8s peu utilis\u00e9 lorsque des chats communiquent entre eux ?", "choix": [["Le beuglement", false], ["Le jappement", false], ["Le miaulement", true], ["Le b\u00ealement", false]]}, {"titre": "Lequel de ces chats est le seul \u00e0 avoir des poils longs ?", "choix": [["Angora", true], ["Abyssin", false], ["Chartreux", false], ["Siamois", false]]}, {"titre": "De quelle famille de carnivores f\u00e9liformes le chat fait-il partie ?", "choix": [["Les canid\u00e9s", false], ["Les hominid\u00e9s", false], ["Les must\u00e9lid\u00e9s", false], ["Les f\u00e9lid\u00e9s", true]]}, {"titre": "Quelle manifestation sonore du chat aurait un effet relaxant sur l'homme ?", "choix": [["Bourdonnement", false], ["Meuglement", false], ["Ronronnement", true], ["Roucoulement", false]]}, {"titre": "Le chat, qui poss\u00e8de une m\u00e2choire et une denture de chasseur, est un mammif\u00e8re...", "choix": [["Carnivore", true], ["Frugivore", false], ["Omnivore", false], ["Insectivore", false]]}, {"titre": "Comment appelle-t-on les longs poils pr\u00e9sents sur les moustaches du chat ?", "choix": [["Les vibrisses", true], ["Les br\u00e9chets", false], ["Les tectrices", false], ["Les barbules", false]]}, {"titre": "Combien p\u00e8se environ un chaton \u00e0 la naissance, soumis \u00e0 un \u00e9levage communautaire ?", "choix": [["500 g", false], ["700 g", false], ["100 g", true], ["300 g", false]]}, {"titre": "Bien que n'\u00e9tant pas un coureur de fond, quelle vitesse maximale peut atteindre un chat ?", "choix": [["90 Km/h", false], ["110 Km/h", false], ["70 Km/h", false], ["50 Km/h", true]]}, {"titre": "Combien de temps une chatte garde-t-elle environ les petits dans son ventre ?", "choix": [["Neuf mois", false], ["Neuf jours", false], ["Neuf minutes", false], ["Neuf semaines", true]]}, {"titre": "Combien de races diff\u00e9rentes de chats sont reconnues par les instances de certification ?", "choix": [["110", false], ["50", true], ["140", false], ["80", false]]}, {"titre": "De combien d'os est compos\u00e9 le squelette du chat, \u00e0 la fois axial et appendiculaire ?", "choix": [["220", false], ["190", false], ["160", false], ["250", true]]}, {"titre": "Combien de temps un chat mettra-t-il au minimum pour parcourir cent m\u00e8tres ?", "choix": [["9 secondes", true], ["12 secondes", false], ["15 secondes", false], ["18 secondes", false]]}, {"titre": "Quel est en moyenne le nombre de lap\u00e9es par seconde pour le chat ?", "choix": [["Quatre", true], ["Trois", false], ["Cinq", false], ["Deux", false]]}, {"titre": "Quel chat est le seul \u00e0 \u00eatre caract\u00e9ris\u00e9 par la quasi-absence de sa fourrure ?", "choix": [["Le siamois", false], ["Le sphynx", true], ["Le persan", false], ["Le maine coon", false]]}, {"titre": "Combien le chat a-t-il de griffes, sujettes \u00e0 une pousse continue suite \u00e0 une usure naturelle ?", "choix": [["18", true], ["20", false], ["16", false], ["22", false]]}], "difficulte": "confirm\u00e9"}