{"categorie": "Cin\u00e9ma", "titre": "Star wars", "questions": [{"titre": "Qui est le padawan du chevalier et ma\u00eetre Jedi Obi-Wan Kenobi ?", "choix": [["Leia", false], ["Mace Windu", false], ["Yoda", false], ["Anakin Skywalker", true]]}, {"titre": "Quel petit bonhomme vert a enseign\u00e9 \u00e0 Luke comment utiliser la Force ?", "choix": [["Yado", false], ["Yoda", true], ["Anakin Skywalker", false], ["Jabba", false]]}, {"titre": "Dans la saga \u00ab Star Wars \u00bb, quels chevaliers se battent avec des sabres lasers ?", "choix": [["Samourai", false], ["Table ronde", false], ["Jedi", true], ["Zodiak", false]]}, {"titre": "De quelle station spatiale ennemie la princesse Leia apprend-elle les plans de construction ?", "choix": [["La Lune obscure", false], ["Le c\u00f4t\u00e9 obscur", false], ["L'\u00c9toile qui tue", false], ["L'\u00c9toile Noire", true]]}, {"titre": "Personnage central de la saga \u00ab Star Wars \u00bb, avec qui Anakin Skywalker se marie-t-il ?", "choix": [["Madpe", false], ["Obiwana", false], ["S\u00e9natrice Padme", true], ["Leia Organa", false]]}, {"titre": "Pour aider les Jedi a r\u00e9parer leur vaisseau, Anakin doit gagner une course...", "choix": [["De acklay", false], ["De module", true], ["De nodule", false], ["De nexu", false]]}, {"titre": "Que contr\u00f4lent les Jedi qui les rendent tr\u00e8s diff\u00e9rents des simples humains ?", "choix": [["Le langage dro\u00efde", false], ["La lumi\u00e8re", false], ["L'immortalit\u00e9", false], ["La Force", true]]}, {"titre": "Quels puissants ennemis et \u00ab\u00a0seigneurs\u00a0\u00bb les Jedi pensent-ils avoir vaincu ?", "choix": [["Les siths", true], ["Les Ch'tis", false], ["Les Vicks", false], ["Les friths", false]]}, {"titre": "De qui la princesse Leia tombe-t-elle amoureuse dans la saga \u00ab Star Wars \u00bb ?", "choix": [["Obi-Wan Kenobi", false], ["Han Solo", true], ["Chewbacca", false], ["Luke Skywalker", false]]}, {"titre": "Quelle arm\u00e9e aidera les Jedi pour ensuite se retourner contre eux et les forces du mal ?", "choix": [["Les Gungans", false], ["L'arm\u00e9e des clones", true], ["Les Bantha", false], ["Les faucons", false]]}, {"titre": "Quel chancelier supr\u00eame est seigneur noir des Sith dans la s\u00e9rie \u00ab Star Wars \u00bb ?", "choix": [["Palpatine", true], ["Yoda", false], ["Valorum", false], ["Padme Amidala", false]]}, {"titre": "De qui Chewbacca, le plus c\u00e9l\u00e8bre des guerriers Wookie, est-il le co-pilote ?", "choix": [["Obi-Wan Kenobi", false], ["Anakin Skywalker", false], ["Luke Skywalker", false], ["Han Solo", true]]}, {"titre": "Que se passe-t-il lorsqu'Anakin Skywalker affronte le compte Dooku la premi\u00e8re fois ?", "choix": [["Il perd une main", true], ["Il gagne le duel", false], ["Dooku le tue", false], ["Yoda tue Dooku", false]]}, {"titre": "Parmi ces personnages de \u00ab Star Wars \u00bb, qui dirige le conseil des Jedi avec Yoda ?", "choix": [["Qui Go Jin", false], ["Anakin Skywalker", false], ["Mace Windu", true], ["Obiwan Kenobi", false]]}, {"titre": "Quel ma\u00eetre Jedi d'Obi-Wan Kenobi sera finalement tu\u00e9 par Dark Maul ?", "choix": [["Plo Koon", false], ["Adi Gallia", false], ["Ki-Adi-Mundi", false], ["Qui-Gon Jinn", true]]}, {"titre": "Quel apprenti Sith Obi-Wan va-t-il tuer en vengeant la mort de son ma\u00eetre ?", "choix": [["Dark Pantouf", false], ["Dark Sidious", false], ["Dark Maul", true], ["Dark Leouf", false]]}, {"titre": "Quel nom porte le vaisseau spatial du contrebandier Han Solo ?", "choix": [["Faucon Mill\u00e9nium", true], ["Intergalactique", false], ["Anneau Solaire", false], ["Enterprise", false]]}, {"titre": "Qui tue Boba Fett, chasseur de primes connu pour son adresse \u00e0 traquer sa proie ?", "choix": [["Luke Skywalker", false], ["Han Solo", true], ["Obi-Wan Kenobi", false], ["Dark Vador", false]]}, {"titre": "Sur quelle plan\u00e8te vit Anakin avant de partir rejoindre les Jedi ?", "choix": [["Tatooine", true], ["Mustafar", false], ["Dagobah", false], ["Naboo", false]]}, {"titre": "Quel c\u00e9l\u00e8bre chasseur de primes a \u00e9t\u00e9 engag\u00e9 par Dark Vador pour traquer Han Solo ?", "choix": [["Jabba le Hutt", false], ["Zam Wesell", false], ["Han Solo", false], ["Boba Fett", true]]}], "difficulte": "confirm\u00e9"}