{"categorie": "Animaux", "titre": "Les chats", "questions": [{"titre": "\u00c0 quelle classe d'animaux vert\u00e9br\u00e9s regroupant pr\u00e8s de 5.400 esp\u00e8ces appartient le chat ?", "choix": [["Oiseaux", false], ["Reptiles", false], ["Poissons", false], ["Mammif\u00e8res", true]]}, {"titre": "Lorsque vous apercevez votre chat faire le gros dos, il est probablement...", "choix": [["Effray\u00e9", true], ["En chasse", false], ["Malade", false], ["Content", false]]}, {"titre": "Que fait principalement le chat de ses journ\u00e9es, selon de nombreux proverbes et idiotismes ?", "choix": [["Il court", false], ["Il dort", true], ["Il boit", false], ["Il mange", false]]}, {"titre": "Dans quel endroit du globe le chat reste-t-il synonyme de chance ou de long\u00e9vit\u00e9 ?", "choix": [["Europe", false], ["Asie", true], ["Australie", false], ["Afrique", false]]}, {"titre": "Combien le chat poss\u00e8de-t-il de doigts aux pattes ant\u00e9rieures ?", "choix": [["Six", false], ["Quatre", false], ["Trois", false], ["Cinq", true]]}, {"titre": "Quel est le cri du chat, pourtant tr\u00e8s peu utilis\u00e9 lorsque des chats communiquent entre eux ?", "choix": [["Le beuglement", false], ["Le jappement", false], ["Le miaulement", true], ["Le b\u00ealement", false]]}, {"titre": "Lequel de ces chats est le seul \u00e0 avoir des poils longs ?", "choix": [["Angora", true], ["Abyssin", false], ["Chartreux", false], ["Siamois", false]]}, {"titre": "De quelle famille de carnivores f\u00e9liformes le chat fait-il partie ?", "choix": [["Les canid\u00e9s", false], ["Les hominid\u00e9s", false], ["Les must\u00e9lid\u00e9s", false], ["Les f\u00e9lid\u00e9s", true]]}, {"titre": "Quelle manifestation sonore du chat aurait un effet relaxant sur l'homme ?", "choix": [["Bourdonnement", false], ["Meuglement", false], ["Ronronnement", true], ["Roucoulement", false]]}, {"titre": "Le chat, qui poss\u00e8de une m\u00e2choire et une denture de chasseur, est un mammif\u00e8re...", "choix": [["Carnivore", true], ["Frugivore", false], ["Omnivore", false], ["Insectivore", false]]}], "difficulte": "d\u00e9butant"}