{"categorie": "Cin\u00e9ma", "titre": "Alien", "questions": [{"titre": "En quelle ann\u00e9e le film \u00ab Alien, le huiti\u00e8me passager \u00bb est-il sorti en France ?", "choix": [["1979", true], ["1974", false], ["1989", false], ["1984", false]]}, {"titre": "Quel est le nom de l'andro\u00efde voyageant \u00e0 bord du Betty dans \u00ab Alien, la r\u00e9surrection \u00bb ?", "choix": [["Karl", false], ["Bishop", false], ["Call", true], ["Fiorina", false]]}, {"titre": "Quel est le type de vaisseau spatial du film \u00ab Alien, le huiti\u00e8me passager \u00bb ?", "choix": [["Commercial", true], ["Scientifique", false], ["Touristique", false], ["Exp\u00e9rimental", false]]}, {"titre": "Quel parasite g\u00e9n\u00e8re des embryons dans la gorge des humains ?", "choix": [["Facepower", false], ["Facehugger", true], ["Facebunker", false], ["Faceleader", false]]}, {"titre": "Comment meurt Ripley dans le film \u00ab Alien 3 \u00bb r\u00e9alis\u00e9 par David Fincher ?", "choix": [["Suicide", true], ["Noyade", false], ["\u00c9lectrocution", false], ["Meurtre", false]]}, {"titre": "Qui a r\u00e9alis\u00e9 le film de science-fiction \u00ab Alien, le huiti\u00e8me passager \u00bb ?", "choix": [["James Cameron", false], ["Jean-Pierre Jeunet", false], ["Ridley Scott", true], ["David Fincher", false]]}, {"titre": "Quel animal de compagnie poss\u00e8dent les membres du Nostromo ?", "choix": [["Chat", true], ["Canard", false], ["Rat", false], ["Chien", false]]}, {"titre": "Comment appelle-t-on les extraterrestres dans la saga \u00ab Alien \u00bb ?", "choix": [["Kookabuira", false], ["Intramorphes", false], ["X\u00e9nomorphes", true], ["Kaeloo", false]]}, {"titre": "Dans quelle cat\u00e9gorie le film \u00ab Alien 3 \u00bb a-t-il obtenu un MPSE Awards ?", "choix": [["R\u00e9alisation", false], ["Montage sonore", true], ["Musique", false], ["Effets sp\u00e9ciaux", false]]}, {"titre": "Quelle actrice interpr\u00e8te avec panache Ellen Ripley dans la saga \u00ab Alien \u00bb ?", "choix": [["Michelle Pfeiffer", false], ["Cameron Diaz", false], ["Sigourney Weaver", true], ["Jodie Foster", false]]}, {"titre": "Dans \u00ab Alien \u00bb, quelle compagnie colonise des plan\u00e8tes en vue de les terraformer ?", "choix": [["Harleys", false], ["Benedict", false], ["Sulaco", false], ["Weyland", true]]}, {"titre": "De quelle mani\u00e8re est morte Newt dans le film \u00ab Alien 3 \u00bb\u00a0sorti en 1992 ?", "choix": [["Suicide", false], ["Noyade", true], ["\u00c9lectrocution", false], ["\u00c9tranglement", false]]}, {"titre": "Pendant combien de temps Ripley a-t-elle d\u00e9riv\u00e9 dans l'espace dans \u00ab Alien, le retour \u00bb ?", "choix": [["60 ans", false], ["42 ans", false], ["57 ans", true], ["35 ans", false]]}, {"titre": "Quel nom porte l'officier scientifique dans \u00ab Alien, le huiti\u00e8me passager \u00bb ?", "choix": [["Ash", true], ["John", false], ["Pace", false], ["K", false]]}, {"titre": "Quelle est la particularit\u00e9 tr\u00e8s sp\u00e9cifique du sang du x\u00e9nomorphe alien ?", "choix": [["Vert", false], ["Acide", true], ["Bleu", false], ["Phosphorescent", false]]}, {"titre": "Quel est le nom du vaisseau spatial utilis\u00e9 dans \u00ab Alien, le huiti\u00e8me passager \u00bb ?", "choix": [["Nostromo", true], ["Nostradamus", false], ["Nobuco", false], ["Nostrado", false]]}, {"titre": "Quel m\u00e9tier Ripley exer\u00e7ait-elle avant de rencontrer les aliens ?", "choix": [["M\u00e9canicienne", false], ["Scientifique", false], ["Pilote", true], ["Arch\u00e9ologue", false]]}, {"titre": "En 1980, \u00ab Alien, le huiti\u00e8me passager \u00bb a re\u00e7u le prix Hugo du meilleur...", "choix": [["Costume", false], ["Sc\u00e9nario", false], ["Film", true], ["Second r\u00f4le", false]]}, {"titre": "En quelle ann\u00e9e est sorti le film \u00ab Prometheus \u00bb, produit et r\u00e9alis\u00e9 par Ridley Scott ?", "choix": [["2014", false], ["2008", false], ["2010", false], ["2012", true]]}, {"titre": "Quel nom a \u00e9t\u00e9 donn\u00e9 \u00e0 l'ordinateur de bord du film \u00ab Alien, le huiti\u00e8me passager \u00bb ?", "choix": [["Thelma", false], ["Papa", false], ["Maman", true], ["Anna", false]]}], "difficulte": "confirm\u00e9"}