{"categorie": "Arts", "titre": "Mus\u00e9e du Louvre", "questions": [{"titre": "Quel est le jour de fermeture du Mus\u00e9e du Louvre, situ\u00e9 au centre de Paris ?", "choix": [["Le vendredi", false], ["Le mercredi", false], ["Le mardi", true], ["Le lundi", false]]}, {"titre": "Quand le Louvre est-il devenu un mus\u00e9e, le plus grand de Paris ?", "choix": [["D\u00e8s l'Antiquit\u00e9", false], ["Au Moyen \u00c2ge", false], ["Sous Mitterrand", false], ["\u00c0 la R\u00e9volution", true]]}, {"titre": "Que trouve-t-on sous le mus\u00e9e du Louvre, dans le premier arrondissement de Paris ?", "choix": [["Une piscine", false], ["Une galerie", true], ["Un parc", false], ["Une biblioth\u00e8que", false]]}, {"titre": "Quel m\u00e9tier fut exerc\u00e9 au Louvre par Jean-Fran\u00e7ois Champollion ?", "choix": [["Surveillant", false], ["Conservateur", true], ["Arch\u00e9ologue", false], ["Architecte", false]]}, {"titre": "Comment \u00e9tait utilis\u00e9 le Louvre \u00e0 sa construction en 1190 ?", "choix": [["En forteresse", true], ["En bureau", false], ["En ferme", false], ["En mus\u00e9e", false]]}, {"titre": "Lequel de ces c\u00e9l\u00e8bres personnages de jeu vid\u00e9o a \u00e9volu\u00e9 au Louvre ?", "choix": [["Gordon Freeman", false], ["Lara Croft", true], ["Solid Snake", false], ["Sonic", false]]}, {"titre": "En quoi est construite la Pyramide du Louvre, au milieu de la cour Napol\u00e9on du mus\u00e9e ?", "choix": [["Carton", false], ["Pierre", false], ["Bois", false], ["Verre", true]]}, {"titre": "Combien de panneaux de verre composent la Pyramide du Louvre ?", "choix": [["832", false], ["427", false], ["673", true], ["1 044", false]]}, {"titre": "Au Louvre, quelles oeuvres sont expos\u00e9es dans les Cours Marly et Puget ?", "choix": [["Des croquis", false], ["Des tableaux", false], ["Des momies", false], ["Des sculptures", true]]}, {"titre": "Que ne peut-on pas faire dans le Carrousel du Louvre ?", "choix": [["Acheter", false], ["Nager", true], ["Manger", false], ["Photographier", false]]}, {"titre": "Quel artiste a peint \u00ab L'Embarquement d'Ulysse \u00bb en 1646 ?", "choix": [["Le Limousin", false], ["Le Lyonnais", false], ["Le Parisien", false], ["Le Lorrain", true]]}, {"titre": "Quelle \u00e9criture est-il possible de d\u00e9chiffrer sur la St\u00e8le de Minnakht ?", "choix": [["Des hi\u00e9roglyphes", true], ["Du cun\u00e9iforme", false], ["Du grec", false], ["Du chinois", false]]}, {"titre": "Quel autre mus\u00e9e se cache dans les b\u00e2timents du Louvre ?", "choix": [["Italien", false], ["Arts d\u00e9coratifs", true], ["Sciences", false], ["Renaissance", false]]}, {"titre": "Combien le mus\u00e9e du Louvre poss\u00e8de-t-il de tableaux de L\u00e9onard de Vinci ?", "choix": [["34", false], ["16", false], ["5", true], ["22", false]]}, {"titre": "Qui a peint une oeuvre repr\u00e9sentant Oedipe r\u00e9pondant \u00e0 l'\u00e9nigme du sphinx ?", "choix": [["Degas", false], ["Ingres", true], ["Poussin", false], ["Van Eyck", false]]}, {"titre": "Quelle exposition annuelle pr\u00e9sentait au Louvre les artistes officiels ?", "choix": [["La Cr\u00e8che", false], ["La Vente", false], ["Le Salon", true], ["La Biennale", false]]}, {"titre": "Que peut-on voir depuis le passage Richelieu en regardant vers le Louvre ?", "choix": [["Des tableaux", false], ["Des dessins", false], ["Des tombes", false], ["Des sculptures", true]]}, {"titre": "Combien peut-on environ monter de marches d'escaliers au Mus\u00e9e du Louvre ?", "choix": [["15 000", false], ["5 000", false], ["10 000", true], ["20 000", false]]}, {"titre": "Dans quelle ville se situeront les futures r\u00e9serves du Louvre ?", "choix": [["Bruxelles", false], ["Lievin", true], ["Lyon", false], ["Pau", false]]}, {"titre": "Combien de carats composent le R\u00e9gent, c\u00e9l\u00e8bre diamant du Mus\u00e9e du Louvre ?", "choix": [["300 carats", false], ["210 carats", false], ["60 carats", false], ["140 carats", true]]}], "difficulte": "confirm\u00e9"}