{"categorie": "Arts", "titre": "Mus\u00e9e du Louvre", "questions": [{"titre": "Quel est le jour de fermeture du Mus\u00e9e du Louvre, situ\u00e9 au centre de Paris ?", "choix": [["Le vendredi", false], ["Le mercredi", false], ["Le mardi", true], ["Le lundi", false]]}, {"titre": "Quand le Louvre est-il devenu un mus\u00e9e, le plus grand de Paris ?", "choix": [["D\u00e8s l'Antiquit\u00e9", false], ["Au Moyen \u00c2ge", false], ["Sous Mitterrand", false], ["\u00c0 la R\u00e9volution", true]]}, {"titre": "Que trouve-t-on sous le mus\u00e9e du Louvre, dans le premier arrondissement de Paris ?", "choix": [["Une piscine", false], ["Une galerie", true], ["Un parc", false], ["Une biblioth\u00e8que", false]]}, {"titre": "Quel m\u00e9tier fut exerc\u00e9 au Louvre par Jean-Fran\u00e7ois Champollion ?", "choix": [["Surveillant", false], ["Conservateur", true], ["Arch\u00e9ologue", false], ["Architecte", false]]}, {"titre": "Comment \u00e9tait utilis\u00e9 le Louvre \u00e0 sa construction en 1190 ?", "choix": [["En forteresse", true], ["En bureau", false], ["En ferme", false], ["En mus\u00e9e", false]]}, {"titre": "Lequel de ces c\u00e9l\u00e8bres personnages de jeu vid\u00e9o a \u00e9volu\u00e9 au Louvre ?", "choix": [["Gordon Freeman", false], ["Lara Croft", true], ["Solid Snake", false], ["Sonic", false]]}, {"titre": "En quoi est construite la Pyramide du Louvre, au milieu de la cour Napol\u00e9on du mus\u00e9e ?", "choix": [["Carton", false], ["Pierre", false], ["Bois", false], ["Verre", true]]}, {"titre": "Combien de panneaux de verre composent la Pyramide du Louvre ?", "choix": [["832", false], ["427", false], ["673", true], ["1 044", false]]}, {"titre": "Au Louvre, quelles oeuvres sont expos\u00e9es dans les Cours Marly et Puget ?", "choix": [["Des croquis", false], ["Des tableaux", false], ["Des momies", false], ["Des sculptures", true]]}, {"titre": "Que ne peut-on pas faire dans le Carrousel du Louvre ?", "choix": [["Acheter", false], ["Nager", true], ["Manger", false], ["Photographier", false]]}], "difficulte": "d\u00e9butant"}